Goods,Weights
Food excl Food Serving Services,682.00
Food Serving Services,1428.00
Clothing & Footwear,212.00
Housing & Utilities,2484.00
Household Durables & Services,493.00
Health Care,655.00
Transport,1707.00
Communication,411.00
Recreation & Culture ,789.00
Education ,663.00
Miscellaneous Goods & Services,476.00
